{
    "graphName": "PoiyomiSample",
    "graphIsActive": true,
    "nodes": [
        {
            "id": "31f906f4-5071-489f-ab6c-e10afbffaf6a",
            "values": [
                {
                    "key": "triggerName",
                    "value": "_xjp_setfloat;;<dechue>;;[_dh];;2000"
                },
                {
                    "key": "callTime",
                    "value": "0"
                }
            ],
            "posX": -340.9998779296875,
            "posY": 752.0000610351563,
            "path": "Nodes/CallTriggerNode",
            "inputSocketIds": [
                "949da225-83d9-4a4b-9efc-687a7bfb24a7638523343656799956"
            ],
            "outputSocketIds": [],
            "headerColor": 2,
            "inputValueSocketIds": [
                "baf3784e-9bcd-41ac-9263-f1e6427001be638523343656799956",
                "11eb70f7-633e-4d18-bcd8-bf14210cfc75638537254744028427",
                "33696ae4-183d-4feb-9c8e-b1477538cb2e638537254744028427",
                "4d0131eb-cbc9-43eb-b7b6-be23b53d420a638537254744028427",
                "7f4694dd-f782-4110-8d59-8ec7fc67f27b638537254744028427",
                "b4821d04-98d5-43b9-921d-db29bee2fe4e638537254744028427",
                "e92444f0-f6ad-498d-b62d-5ca04d82ef29638537254744028427"
            ],
            "outputValueSocketIds": []
        },
        {
            "id": "e713ac03-44f8-45b2-8af3-2816d8f62111",
            "values": [],
            "posX": -664.3334350585938,
            "posY": 1099.6666259765625,
            "path": "Nodes/Ordered5Node",
            "inputSocketIds": [
                "f4d52f7c-6532-4a96-849f-fb1df6e925f5638523343945302947"
            ],
            "outputSocketIds": [
                "e8bc8808-53b7-4f5e-8e80-c6caa7521d64638523343945302947",
                "af2fff1f-8db9-48ac-a132-620b07b75016638523343945302947",
                "57894d46-14e8-4ec7-9b30-21fa06372f67638523343945302947",
                "f00dffa5-09f1-4ae7-adcd-11c7e61cba17638523343945302947",
                "8709f956-9513-4fdc-8327-7511375e390e638523343945302947"
            ],
            "headerColor": 2,
            "inputValueSocketIds": [],
            "outputValueSocketIds": []
        },
        {
            "id": "c25c2cd4-37b8-46a0-b657-cd6502ba8dd6",
            "values": [
                {
                    "key": "paramName",
                    "value": "_dh"
                },
                {
                    "key": "value",
                    "value": ""
                }
            ],
            "posX": -349.9999694824219,
            "posY": 1137.333251953125,
            "path": "Nodes/SetParamNode",
            "inputSocketIds": [
                "0d190cb4-3741-487f-b25d-ef44c1f55bf6638523344157115505"
            ],
            "outputSocketIds": [],
            "headerColor": 2,
            "inputValueSocketIds": [
                "1cec4884-cae6-4dee-9d41-b51c066c623e638523344157115505",
                "2e46ce4b-4e56-4e78-9862-c81e8c397db3638523344157115505"
            ],
            "outputValueSocketIds": []
        },
        {
            "id": "c7013eb3-bdd7-407c-bdbf-5f046b4975f2",
            "values": [
                {
                    "key": "paramName",
                    "value": "dechue"
                },
                {
                    "key": "value",
                    "value": "_Decal0HueAngleStrength_N00_003_01_Tops_01_CLOTH"
                }
            ],
            "posX": -344.0,
            "posY": 980.9999389648438,
            "path": "Nodes/SetTextParamNode",
            "inputSocketIds": [
                "45d46a39-f931-47da-8357-c189d3a54b1c638523344381705986"
            ],
            "outputSocketIds": [],
            "headerColor": 2,
            "inputValueSocketIds": [
                "41225188-04c8-4246-8598-1202af120c67638523344381705986",
                "6e13e80b-e7e6-4fc5-9023-115d62453ed2638523344381705986"
            ],
            "outputValueSocketIds": []
        },
        {
            "id": "6ffe0170-0a33-459a-a159-825e8833fb06",
            "values": [
                {
                    "key": "triggerName",
                    "value": "DemoShaderFloat"
                }
            ],
            "posX": -930.0000610351563,
            "posY": 1126.0,
            "path": "Nodes/TriggerNode",
            "inputSocketIds": [],
            "outputSocketIds": [
                "0906105e-c14b-4f63-af4b-19a12fc1404d638523344695086009"
            ],
            "headerColor": 4,
            "inputValueSocketIds": [],
            "outputValueSocketIds": [
                "8ec14db4-a602-47bb-9174-9dafa8167e2e638537254744061774",
                "ebc2aff7-e067-4e21-b62d-5e6cb6d62867638537254744061774",
                "6d432fca-ef2e-41af-b718-480017ac1a17638537254744061774",
                "0b5b04d6-a973-4100-a1be-627c23cadfc7638537254744061774",
                "478d4ffa-2808-4739-adfb-e95bb4de68d3638537254744061774",
                "6e386bd7-202a-4767-abbc-d7bc4497148f638537254744061774"
            ]
        },
        {
            "id": "1a134ef4-9e26-4213-a6ce-dfdb1005491d",
            "values": [
                {
                    "key": "triggerName",
                    "value": "DemoShaderColorHex"
                }
            ],
            "posX": 135.6666717529297,
            "posY": 1077.333251953125,
            "path": "Nodes/TriggerNode",
            "inputSocketIds": [],
            "outputSocketIds": [
                "111eb704-78e3-481b-800d-9f1faeefdff8638523344945459434"
            ],
            "headerColor": 4,
            "inputValueSocketIds": [],
            "outputValueSocketIds": [
                "81713851-9936-4962-bf43-9b7956e09217638537254744077808",
                "a9a9b28e-783f-48b8-a413-f89cec5b3254638537254744077808",
                "d691207e-8270-49d9-b4fd-161317117e53638537254744077808",
                "56ed5795-7265-4b4b-8a95-611e07fb4f39638537254744077808",
                "60412ad8-ee6b-4374-abd2-adc719344958638537254744077808",
                "218ce908-1105-4b49-9e1a-b0eef82e1b6d638537254744077808"
            ]
        },
        {
            "id": "7782871f-f984-4828-99dc-249db3c9212d",
            "values": [],
            "posX": 372.3333740234375,
            "posY": 1081.3333740234375,
            "path": "Nodes/Ordered5Node",
            "inputSocketIds": [
                "a509feaa-d9f2-4489-ba8c-e8750e3029fe638523344988691748"
            ],
            "outputSocketIds": [
                "29759881-bcd2-4509-95c8-b122e59a8baa638523344988691748",
                "0d3ced6d-056f-489c-a0aa-8f3ac7a971ce638523344988691748",
                "89a57bc6-8294-474d-8940-ce2070633089638523344988691748",
                "4adc66e0-7d9c-490b-b39b-c06fa5532d4f638523344988691748",
                "5bb06ecc-b889-4a0a-9304-775d362f4b0c638523344988692264"
            ],
            "headerColor": 1,
            "inputValueSocketIds": [],
            "outputValueSocketIds": []
        },
        {
            "id": "496435ca-8bf0-4f8d-b292-c770d47056b0",
            "values": [
                {
                    "key": "text",
                    "value": "6"
                }
            ],
            "posX": -664.6625366210938,
            "posY": 1317.00146484375,
            "path": "Nodes/TextToDecimalNode",
            "inputSocketIds": [],
            "outputSocketIds": [],
            "headerColor": 6,
            "inputValueSocketIds": [
                "fa50fe78-97f4-44c4-b651-1388a56d02c3638523346339814706"
            ],
            "outputValueSocketIds": [
                "b1409a19-8e8f-46e5-9dbc-eee7a76850a2638523346339814706"
            ]
        },
        {
            "id": "b328fd57-5cec-447c-bd21-64a9faca4c5e",
            "values": [
                {
                    "key": "paramName",
                    "value": "col"
                },
                {
                    "key": "value",
                    "value": "_Color_N00_003_01_Tops_01_CLOTH"
                }
            ],
            "posX": 600.9998168945313,
            "posY": 1039.333251953125,
            "path": "Nodes/SetTextParamNode",
            "inputSocketIds": [
                "38f5fa3f-32f8-45ee-bc54-30d353cb3108638523347251533497"
            ],
            "outputSocketIds": [],
            "headerColor": 1,
            "inputValueSocketIds": [
                "ea2f1fb5-5044-4ac6-9182-6a6f16af7e47638523347251533497",
                "f298ab61-6cee-4496-b593-1f9da6208ecd638523347251533497"
            ],
            "outputValueSocketIds": []
        },
        {
            "id": "08906478-bdd0-432b-a441-46da1c3a748f",
            "values": [
                {
                    "key": "paramName",
                    "value": "_cv"
                },
                {
                    "key": "value",
                    "value": "#dd99aac0"
                }
            ],
            "posX": 600.9998779296875,
            "posY": 1205.9998779296875,
            "path": "Nodes/SetTextParamNode",
            "inputSocketIds": [
                "195a94ef-0a24-415d-9dc2-5b242ca64c25638523347642269002"
            ],
            "outputSocketIds": [],
            "headerColor": 1,
            "inputValueSocketIds": [
                "5f28c8cd-1376-42fe-b8aa-c19ccb66e9a5638523347642269002",
                "1820d3ec-6808-45d0-b180-82cec9a96dbc638523347642269002"
            ],
            "outputValueSocketIds": []
        },
        {
            "id": "0d5b7c1c-41d6-4f27-b166-acf044d29cbf",
            "values": [
                {
                    "key": "triggerName",
                    "value": "_xjp_setcolorhex;;<col>;;<_cv>;;1000"
                },
                {
                    "key": "callTime",
                    "value": "0"
                }
            ],
            "posX": 604.0000610351563,
            "posY": 807.0001220703125,
            "path": "Nodes/CallTriggerNode",
            "inputSocketIds": [
                "0c213a42-a274-494b-8812-c5986d948c8f638523349841368766"
            ],
            "outputSocketIds": [],
            "headerColor": 1,
            "inputValueSocketIds": [
                "fd8fdb14-850d-4817-9360-28cdabd08ea1638523349841368766",
                "9df7d98f-ec5f-4800-94d3-0b98d7ebc9af638537254744232970",
                "0b92341f-2a85-4172-8dcc-df37eaa729cd638537254744232970",
                "65732dd0-704a-49f7-9a86-fb177e7102b3638537254744232970",
                "0674b18f-ee6e-4c6d-b82d-506a18922f43638537254744232970",
                "65177246-c793-40b9-9f1c-e08658bb99de638537254744232970",
                "1e8ce855-2c93-4022-bb24-5acc70d91270638537254744232970"
            ],
            "outputValueSocketIds": []
        },
        {
            "id": "80616825-caf2-42df-9c15-292cc83afecb",
            "values": [
                {
                    "key": "message",
                    "value": "SET SHADER COLOUR\n\nWe can set a Colour-type value for a shader by providing the name of the property, the RGB values and (optionally) an alpha value\n\nExample Trigger:\n_xjp_setcolor;;<colorProp>;;[r],[g],[b],[a]\n"
                }
            ],
            "posX": -1109.1649169921875,
            "posY": -94.16194152832031,
            "path": "Nodes/MessageBoxNode",
            "inputSocketIds": [],
            "outputSocketIds": [],
            "headerColor": 3,
            "inputValueSocketIds": [],
            "outputValueSocketIds": []
        },
        {
            "id": "0e98049f-87ba-4755-9569-c39c61beb307",
            "values": [
                {
                    "key": "message",
                    "value": "SET SHADER FLOAT VALUE\n\nWe can set a float-type value by providing the name of the property as well as the desired float value\n\nThis example also illustrates how using text and float parameters can make more concise and dynamic graphs\n\nExample Trigger:\n_xjp_setfloat;;<dechue>;;[_dh]"
                }
            ],
            "posX": -774.4981079101563,
            "posY": 794.8382568359375,
            "path": "Nodes/MessageBoxNode",
            "inputSocketIds": [],
            "outputSocketIds": [],
            "headerColor": 2,
            "inputValueSocketIds": [],
            "outputValueSocketIds": []
        },
        {
            "id": "dd6e5f58-4877-46dd-9316-52053c95247b",
            "values": [
                {
                    "key": "message",
                    "value": "SET SHADER COLOUR BY HEX\n\nWE can also set a colour-type value by providing the name of the property as well as the 6- or 8-digit hex code for the colour.  This one also demonstrates a gradual shift over time by providing a 4th parameter\n\nExample Trigger:\n_xjp_setcolorhex;;<col>;;<_cv>;;[time]"
                }
            ],
            "posX": 242.16845703125,
            "posY": 1374.8380126953125,
            "path": "Nodes/MessageBoxNode",
            "inputSocketIds": [],
            "outputSocketIds": [],
            "headerColor": 1,
            "inputValueSocketIds": [],
            "outputValueSocketIds": []
        },
        {
            "id": "ab2da5b1-ce94-48c6-b9ab-546a2e3b3e55",
            "values": [
                {
                    "key": "message",
                    "value": "POIYOMI SHADER TRIGGERS\n\nUsing the included plugin, we can cantrol animatable properties in Poiyomi shaders on the currently-active Avatar.\n\nTriggers take a format like this:\n_xjp_triggertype;;propertyname;;arguments\n\nWhen a trigger is fired it will try to set the named value for all Poiyomi-driven materials on the avatar, so be sure to use renamed shader properties if you want to control them individually"
                }
            ],
            "posX": 130.33436584472657,
            "posY": 378.00347900390627,
            "path": "Nodes/MessageBoxNode",
            "inputSocketIds": [],
            "outputSocketIds": [],
            "headerColor": 5,
            "inputValueSocketIds": [],
            "outputValueSocketIds": []
        },
        {
            "id": "5efdd0aa-bed5-4be3-ae9b-1982e3960b36",
            "values": [
                {
                    "key": "text",
                    "value": "_xjp_settexoffset"
                },
                {
                    "key": "text2",
                    "value": ";;"
                }
            ],
            "posX": -719.9995727539063,
            "posY": -337.6657409667969,
            "path": "Nodes/TextConcatNode",
            "inputSocketIds": [],
            "outputSocketIds": [],
            "headerColor": 0,
            "inputValueSocketIds": [
                "68525788-7804-4464-bdb7-4c699b52fa3c638526889954412611",
                "e931b20d-1375-4d5a-bc02-c1fdf9bb88b9638526889954412611"
            ],
            "outputValueSocketIds": [
                "1cad32fb-51ff-458b-830c-f8a12c0218b5638526889954412611"
            ]
        },
        {
            "id": "36e73984-2698-4f3b-935e-92ec39766e5b",
            "values": [
                {
                    "key": "text",
                    "value": ""
                },
                {
                    "key": "text2",
                    "value": "_MainTex_N00_003_01_Tops_01_CLOTH"
                }
            ],
            "posX": -583.9995727539063,
            "posY": -516.3323974609375,
            "path": "Nodes/TextConcatNode",
            "inputSocketIds": [],
            "outputSocketIds": [],
            "headerColor": 6,
            "inputValueSocketIds": [
                "dbe63948-6a77-40ba-96d4-decd9c14887a638526890806841917",
                "caa6538f-6a0e-427b-83e9-8553f2b888bc638526890806841917"
            ],
            "outputValueSocketIds": [
                "a992b5ea-5309-4b40-af2b-fb537162fe05638526890806841917"
            ]
        },
        {
            "id": "5dd15e72-57b5-4524-9347-4bffc5eca7d0",
            "values": [
                {
                    "key": "text",
                    "value": ""
                },
                {
                    "key": "text2",
                    "value": ";;"
                }
            ],
            "posX": -493.99957275390627,
            "posY": -326.6657409667969,
            "path": "Nodes/TextConcatNode",
            "inputSocketIds": [],
            "outputSocketIds": [],
            "headerColor": 0,
            "inputValueSocketIds": [
                "fdb38e4c-22b6-41ac-96cd-22ef5f05ed9e638526892043622545",
                "b8128ced-9da7-4477-a9b6-7034e2053f52638526892043622545"
            ],
            "outputValueSocketIds": [
                "8619e78f-0b3d-4c25-870a-40e4b514ef4e638526892043622545"
            ]
        },
        {
            "id": "6834c7a8-69df-4a03-b80f-5c7674452144",
            "values": [
                {
                    "key": "text",
                    "value": ""
                },
                {
                    "key": "text2",
                    "value": "1.5"
                }
            ],
            "posX": -370.99957275390627,
            "posY": -518.3323974609375,
            "path": "Nodes/TextConcatNode",
            "inputSocketIds": [],
            "outputSocketIds": [],
            "headerColor": 6,
            "inputValueSocketIds": [
                "e84d7821-8a6c-442b-a8cb-7ab926710963638526892446907410",
                "e3ec1b45-be48-4a7c-a50f-3879f1da671a638526892446907410"
            ],
            "outputValueSocketIds": [
                "347a032c-fd7d-4edf-b70c-2f3ec3e21482638526892446907410"
            ]
        },
        {
            "id": "74303c59-98c6-4e5d-8b0a-aa202125d8ea",
            "values": [
                {
                    "key": "text",
                    "value": ""
                },
                {
                    "key": "text2",
                    "value": "1.5"
                }
            ],
            "posX": -170.666259765625,
            "posY": -517.9990844726563,
            "path": "Nodes/TextConcatNode",
            "inputSocketIds": [],
            "outputSocketIds": [],
            "headerColor": 6,
            "inputValueSocketIds": [
                "5c34937c-2716-4ac9-8c83-4c73dcab1d58638526892460208495",
                "b97ddbdd-d159-4685-ad9a-5a52fdb70f0a638526892460208495"
            ],
            "outputValueSocketIds": [
                "48ac19fe-51b5-46cc-9830-6a7885b0dcea638526892460208495"
            ]
        },
        {
            "id": "4b9f5c2f-dc8c-470f-958f-cd43f14c4d02",
            "values": [
                {
                    "key": "text",
                    "value": ""
                },
                {
                    "key": "text2",
                    "value": ","
                }
            ],
            "posX": -282.99957275390627,
            "posY": -312.6657409667969,
            "path": "Nodes/TextConcatNode",
            "inputSocketIds": [],
            "outputSocketIds": [],
            "headerColor": 0,
            "inputValueSocketIds": [
                "a342419d-0933-4266-abfd-d3d22b23dd04638526892828250654",
                "48033b2e-c45c-4675-8175-331aa45368b3638526892828250654"
            ],
            "outputValueSocketIds": [
                "98d28e59-b829-4ad7-8327-1686d6035663638526892828250654"
            ]
        },
        {
            "id": "81bef9f7-713f-487f-89a5-933685dce87e",
            "values": [
                {
                    "key": "triggerName",
                    "value": ""
                },
                {
                    "key": "callTime",
                    "value": "0"
                }
            ],
            "posX": 191.00006103515626,
            "posY": -449.9992980957031,
            "path": "Nodes/CallTriggerNode",
            "inputSocketIds": [
                "1fe712d5-fcfa-4ca2-986f-bed7c08ada6f638526893233683084"
            ],
            "outputSocketIds": [],
            "headerColor": 0,
            "inputValueSocketIds": [
                "1252c052-1913-4f74-bce1-ca3d1c0334db638526893233683084",
                "9d541266-2531-4ecb-a283-5e02396cdaf6638537254744349983",
                "c0490432-a8bd-434b-881c-c854faace051638537254744349983",
                "08d3885c-1f5f-48e3-934b-64d8717f4591638537254744349983",
                "774e783d-5d65-4e9c-bbaa-ebc889c8abc7638537254744349983",
                "82500006-0306-4dc7-8348-c6d1fe73ed38638537254744349983",
                "4c7b4135-0a5f-44cb-a452-ce236d290180638537254744349983"
            ],
            "outputValueSocketIds": []
        },
        {
            "id": "1de0e1b9-022b-4c89-9129-9f25d0fdadbb",
            "values": [
                {
                    "key": "triggerName",
                    "value": "DemoTexOffset"
                }
            ],
            "posX": -70.0,
            "posY": -304.6666564941406,
            "path": "Nodes/TriggerNode",
            "inputSocketIds": [],
            "outputSocketIds": [
                "0f935f42-0271-461c-9828-cb74a56906bb638526894344843276"
            ],
            "headerColor": 4,
            "inputValueSocketIds": [],
            "outputValueSocketIds": [
                "802a101f-10fe-4ddf-a78b-bf273d823962638537254744355404",
                "04858f04-84ea-44ad-8909-da5ff8fdd7f5638537254744355404",
                "71ff84c0-db06-4ced-ba83-0e7bbd74f515638537254744355404",
                "7985711a-61d9-44a9-a6f5-1ed608f4c52a638537254744355404",
                "4a98b990-a7a2-46dc-9cd8-d9d91630c7b4638537254744355404",
                "596df5d1-5892-461e-8a94-bda5f6eac0b1638537254744355404"
            ]
        },
        {
            "id": "38d8aaac-b4af-42d5-9c22-4b81e2006387",
            "values": [
                {
                    "key": "text",
                    "value": "_xjp_settexscale"
                },
                {
                    "key": "text2",
                    "value": ";;"
                }
            ],
            "posX": -674.666259765625,
            "posY": -743.3323974609375,
            "path": "Nodes/TextConcatNode",
            "inputSocketIds": [],
            "outputSocketIds": [],
            "headerColor": 0,
            "inputValueSocketIds": [
                "d4bd228b-1ae6-42f2-b146-d8fbf12fa945638526924930483310",
                "f75c12f5-bae2-43e3-a0a7-d53181d3c98b638526924930483310"
            ],
            "outputValueSocketIds": [
                "42cc3e0b-7f2a-4b3f-9d8f-0170171184b5638526924930483310"
            ]
        },
        {
            "id": "85669cf5-989b-45c9-8261-041c3c873fca",
            "values": [
                {
                    "key": "text",
                    "value": ""
                },
                {
                    "key": "text2",
                    "value": ";;"
                }
            ],
            "posX": -467.3329162597656,
            "posY": -747.3324584960938,
            "path": "Nodes/TextConcatNode",
            "inputSocketIds": [],
            "outputSocketIds": [],
            "headerColor": 0,
            "inputValueSocketIds": [
                "a44c5250-b6a0-4519-8d8d-b9bb60672fca638526924942544399",
                "2d343610-d6a5-4c54-a2ab-6dbaca76a920638526924942544399"
            ],
            "outputValueSocketIds": [
                "d36ba06c-c190-451d-8474-ea3c035910be638526924942544399"
            ]
        },
        {
            "id": "571e1547-bf00-46f6-a01a-e07a5c441519",
            "values": [
                {
                    "key": "text",
                    "value": ""
                },
                {
                    "key": "text2",
                    "value": ","
                }
            ],
            "posX": -267.99957275390627,
            "posY": -750.9990844726563,
            "path": "Nodes/TextConcatNode",
            "inputSocketIds": [],
            "outputSocketIds": [],
            "headerColor": 0,
            "inputValueSocketIds": [
                "14857db0-c173-44c8-87bf-9146ae10d590638526924953703069",
                "54f7c629-1040-4b8b-984f-69a2f905d9d9638526924953703069"
            ],
            "outputValueSocketIds": [
                "8de6c5f6-9389-4d75-a9d0-e481f6eb117c638526924953703069"
            ]
        },
        {
            "id": "f2c945f6-d95d-4fcc-85da-781586cacaf3",
            "values": [
                {
                    "key": "text",
                    "value": ""
                },
                {
                    "key": "text2",
                    "value": "_MainTex_N00_003_01_Tops_01_CLOTH"
                }
            ],
            "posX": -552.9995727539063,
            "posY": -937.6656494140625,
            "path": "Nodes/TextConcatNode",
            "inputSocketIds": [],
            "outputSocketIds": [],
            "headerColor": 6,
            "inputValueSocketIds": [
                "db28bf01-1034-4ea2-90a4-379d41db4a6f638526924966801286",
                "43f25a8e-c440-426e-951e-115b8e138ab2638526924966801286"
            ],
            "outputValueSocketIds": [
                "ba7f5524-e7de-4827-9395-bb6d1fff62e5638526924966801286"
            ]
        },
        {
            "id": "d0d97248-c221-406c-8e75-015ffe518a17",
            "values": [
                {
                    "key": "text",
                    "value": ""
                },
                {
                    "key": "text2",
                    "value": "9"
                }
            ],
            "posX": -354.3329162597656,
            "posY": -937.665771484375,
            "path": "Nodes/TextConcatNode",
            "inputSocketIds": [],
            "outputSocketIds": [],
            "headerColor": 6,
            "inputValueSocketIds": [
                "324f4dd2-b564-4b25-a746-50fa2ab7f084638526924977984460",
                "2c6163c7-8a3b-40bc-a0fb-3f9fb797ae04638526924977984460"
            ],
            "outputValueSocketIds": [
                "082e7e76-77e2-4797-95c2-811edd6f93aa638526924977984460"
            ]
        },
        {
            "id": "803016d3-efd4-4ddf-a2a3-a712cb7d372e",
            "values": [
                {
                    "key": "text",
                    "value": ""
                },
                {
                    "key": "text2",
                    "value": "9"
                }
            ],
            "posX": -135.66624450683595,
            "posY": -938.665771484375,
            "path": "Nodes/TextConcatNode",
            "inputSocketIds": [],
            "outputSocketIds": [],
            "headerColor": 6,
            "inputValueSocketIds": [
                "96372edc-42ce-42ee-890e-40fd0c6057b0638526924988811847",
                "b56b7eb3-d9f6-4696-a045-2b2862d12665638526924988811847"
            ],
            "outputValueSocketIds": [
                "9b018489-524c-4d13-93c3-0e591dd56ce9638526924988811847"
            ]
        },
        {
            "id": "e7ef0a2b-b7c2-4906-ab16-b80aa2d93c52",
            "values": [
                {
                    "key": "triggerName",
                    "value": ""
                },
                {
                    "key": "callTime",
                    "value": "0"
                }
            ],
            "posX": 426.6667785644531,
            "posY": -874.9993896484375,
            "path": "Nodes/CallTriggerNode",
            "inputSocketIds": [
                "c906f3e9-ce36-42af-864b-add3a901adae638526925240639872"
            ],
            "outputSocketIds": [],
            "headerColor": 0,
            "inputValueSocketIds": [
                "0bac8933-61cc-436d-9aa1-b917dc96cf6b638526925240639872",
                "e1307f66-dfb0-4ecd-b145-d1903e87837c638537254744402449",
                "e97208c2-d35e-4919-b22a-655accbda74d638537254744402449",
                "6a536160-7179-46fb-876d-5ede2d661736638537254744402449",
                "e8f0de55-a765-42a0-bc0f-2fd061101701638537254744402449",
                "1429c697-e705-4358-a4a4-6e86f6ece813638537254744402449",
                "5b2d0a90-c6d8-4d93-a8b9-315fd2bafcea638537254744402449"
            ],
            "outputValueSocketIds": []
        },
        {
            "id": "f301d66d-3363-4658-b317-56d07bb246ae",
            "values": [
                {
                    "key": "triggerName",
                    "value": "DemoTexScale"
                }
            ],
            "posX": 160.33334350585938,
            "posY": -728.0,
            "path": "Nodes/TriggerNode",
            "inputSocketIds": [],
            "outputSocketIds": [
                "b7617d53-b0a4-4671-9de2-b5ca178995c6638526925295211441"
            ],
            "headerColor": 4,
            "inputValueSocketIds": [],
            "outputValueSocketIds": [
                "1d6ad17f-1e60-4f92-99a0-46c361d8caff638537254744413375",
                "29fffa64-ec9d-4bcd-b9b6-164dae6c8994638537254744413375",
                "3d6bf202-adc8-4818-b836-cbbd8d25a282638537254744413375",
                "0e81d8e5-ccb1-4094-8986-0349565d9d34638537254744413375",
                "cbb448a7-a55e-47f1-a24f-c6cfcc83ab88638537254744413375",
                "473002d2-b8b6-4c52-840f-cb7f0c03b616638537254744413375"
            ]
        },
        {
            "id": "8fe09f13-f0a4-495c-b936-8bf71fef26cd",
            "values": [
                {
                    "key": "message",
                    "value": "SET SHADER Texture Values\n\nWe can set the Scale (tiling) and Offset for animatred or renamed Texture-type properties by specifying the Texture property name, as well as the new X and Y values to apply. One of these also demonstrates providing a transition time to the trigger rather than an instant change \n\nThis example also illustrates how TextConcat can be used to separate out the varaible/editable parts of the trigger for easy access\n\nExample Trigger\n_xjp_settexoffset;;<textureProp>;;[x],[y]\n_xjp_settexscale;;<textureProp>;;[x],[y];;[time]"
                }
            ],
            "posX": -1059.4981689453125,
            "posY": -575.8284912109375,
            "path": "Nodes/MessageBoxNode",
            "inputSocketIds": [],
            "outputSocketIds": [],
            "headerColor": 0,
            "inputValueSocketIds": [],
            "outputValueSocketIds": []
        },
        {
            "id": "3f9ac554-57d9-4dc2-9b47-8afb44a4f861",
            "values": [
                {
                    "key": "text",
                    "value": "_xjp_setcolor;;"
                },
                {
                    "key": "text2",
                    "value": "{p};;{r},{g},{b},{a}"
                }
            ],
            "posX": -1674.6669921875,
            "posY": 209.66604614257813,
            "path": "Nodes/TextConcatNode",
            "inputSocketIds": [],
            "outputSocketIds": [],
            "headerColor": 3,
            "inputValueSocketIds": [
                "740d4d84-91f5-4495-a967-9d19f2925aab638531890826601913",
                "6eef778b-6207-4cd4-8814-61744e586fe9638531890826601913"
            ],
            "outputValueSocketIds": [
                "0495ff0c-a860-4e44-8b29-2a18ed4b0efb638531890826601913"
            ]
        },
        {
            "id": "4574d50b-3911-442b-b4ec-50d33b219d2f",
            "values": [
                {
                    "key": "text",
                    "value": ""
                },
                {
                    "key": "old",
                    "value": "{p}"
                },
                {
                    "key": "new",
                    "value": "_Color_N00_003_01_Tops_01_CLOTH"
                }
            ],
            "posX": -1469.3323974609375,
            "posY": 212.33181762695313,
            "path": "Nodes/TextReplaceNode",
            "inputSocketIds": [],
            "outputSocketIds": [],
            "headerColor": 3,
            "inputValueSocketIds": [
                "94c5b97f-c970-4ae1-aaa3-7b7b71b43489638531890870859752",
                "4f6621b7-104d-4eda-a50b-ba9c04dd83e9638531890870859752",
                "f29ee5fd-7f98-4564-9867-10170c8b5ae4638531890870859752"
            ],
            "outputValueSocketIds": [
                "1e8ce833-b7e3-4e0c-a248-5a76b491a731638531890870859752"
            ]
        },
        {
            "id": "4a48c3dd-111f-4600-9c26-58fa6343a495",
            "values": [
                {
                    "key": "text",
                    "value": ""
                },
                {
                    "key": "old",
                    "value": "{r}"
                },
                {
                    "key": "new",
                    "value": "0.5"
                }
            ],
            "posX": -1267.6658935546875,
            "posY": 211.33181762695313,
            "path": "Nodes/TextReplaceNode",
            "inputSocketIds": [],
            "outputSocketIds": [],
            "headerColor": 3,
            "inputValueSocketIds": [
                "335972b7-52e4-4d4c-ab07-94794ad8e4ae638531891036557587",
                "9f3251f3-cb1f-414f-aa57-84260206558a638531891036557587",
                "38cca31c-729d-4132-87b1-6b7e1c351961638531891036557587"
            ],
            "outputValueSocketIds": [
                "e4eb506b-bfdd-4a69-ab96-6460a5f494d5638531891036557587"
            ]
        },
        {
            "id": "bef47b7b-c7ea-4bba-8f27-b4fb059b5b85",
            "values": [
                {
                    "key": "text",
                    "value": ""
                },
                {
                    "key": "old",
                    "value": "{g}"
                },
                {
                    "key": "new",
                    "value": "0.5"
                }
            ],
            "posX": -1064.332763671875,
            "posY": 211.66510009765626,
            "path": "Nodes/TextReplaceNode",
            "inputSocketIds": [],
            "outputSocketIds": [],
            "headerColor": 3,
            "inputValueSocketIds": [
                "25cb92ca-30df-4aeb-9d63-2b651e10d698638531891087588802",
                "41a9e658-6c75-44d9-ac64-06fb2baf0866638531891087588802",
                "9f866a68-3e6c-4b8e-a7a2-0a5d9e7c8e68638531891087588802"
            ],
            "outputValueSocketIds": [
                "87fc3ee9-d066-4e6f-9078-131d106d7523638531891087588802"
            ]
        },
        {
            "id": "3a19a3e7-3298-4d9a-81a9-b293c1bfa8aa",
            "values": [
                {
                    "key": "text",
                    "value": ""
                },
                {
                    "key": "old",
                    "value": "{b}"
                },
                {
                    "key": "new",
                    "value": "0.33"
                }
            ],
            "posX": -863.3323364257813,
            "posY": 209.6652069091797,
            "path": "Nodes/TextReplaceNode",
            "inputSocketIds": [],
            "outputSocketIds": [],
            "headerColor": 3,
            "inputValueSocketIds": [
                "b4d24c98-2f18-4e61-9a3f-43a59f4ca368638531891129565501",
                "1429c02c-a090-4661-b09f-26310c17a2b0638531891129565501",
                "6b53e653-f6a4-494e-8b52-60f919ecae93638531891129565501"
            ],
            "outputValueSocketIds": [
                "45718503-05ad-4463-8359-041c06f16b75638531891129565501"
            ]
        },
        {
            "id": "a4a55b73-98f0-4f42-a301-af5f9b7744b6",
            "values": [
                {
                    "key": "text",
                    "value": ""
                },
                {
                    "key": "old",
                    "value": "{a}"
                },
                {
                    "key": "new",
                    "value": "1"
                }
            ],
            "posX": -659.3324584960938,
            "posY": 208.9984893798828,
            "path": "Nodes/TextReplaceNode",
            "inputSocketIds": [],
            "outputSocketIds": [],
            "headerColor": 3,
            "inputValueSocketIds": [
                "f80d1da0-0523-4abd-a322-4abba96732f3638531891222532678",
                "06aa48ee-3f5c-4868-97bf-272625e07920638531891222532678",
                "28ee3669-06e3-4451-89d7-5967587cad67638531891222532678"
            ],
            "outputValueSocketIds": [
                "9354ce75-50f1-4ed4-a34b-97a06b0eae3e638531891222532678"
            ]
        },
        {
            "id": "4aae2ff7-c242-4dae-8677-ff71ab714484",
            "values": [
                {
                    "key": "triggerName",
                    "value": ""
                },
                {
                    "key": "callTime",
                    "value": "0"
                }
            ],
            "posX": -428.33306884765627,
            "posY": 241.33395385742188,
            "path": "Nodes/CallTriggerNode",
            "inputSocketIds": [
                "3e2f01d1-8e61-448f-9c50-0b4cf3c07c05638531891490846808"
            ],
            "outputSocketIds": [],
            "headerColor": 3,
            "inputValueSocketIds": [
                "dad957ec-7baa-4f09-af0e-c0b440f69e48638531891490846808",
                "0741f2ad-d19d-48bb-bfdf-b6c002b2cb8d638537254744602110",
                "6a631ae7-a4b2-4a52-bccd-3d404a3a5a29638537254744602110",
                "989b68f7-2373-4011-bb4f-747cf2ad4977638537254744602110",
                "4f1a9536-6cf6-4560-ad0a-a6ff6e6e5aa4638537254744602110",
                "5762f610-02c0-40fa-9e37-4d654089379e638537254744602110",
                "90e26db0-3f50-4314-8c06-6382641e8eb9638537254744602110"
            ],
            "outputValueSocketIds": []
        },
        {
            "id": "5c1a3ce9-c209-4815-8e5d-fc43a5e79861",
            "values": [
                {
                    "key": "triggerName",
                    "value": "SimpleDemoShaderColor"
                }
            ],
            "posX": -1656.3330078125,
            "posY": 449.66668701171877,
            "path": "Nodes/TriggerNode",
            "inputSocketIds": [],
            "outputSocketIds": [
                "b32414b9-f910-4b61-bd1b-79fcce46b436638531891582115817"
            ],
            "headerColor": 4,
            "inputValueSocketIds": [],
            "outputValueSocketIds": [
                "aae259df-286f-4f69-8140-e0e9e3806ac8638537254744608289",
                "9e9bb54a-2e79-4764-ad57-fa44a7956ada638537254744608289",
                "aea182bd-e84b-4c16-98fe-88fec2814f25638537254744608289",
                "63770a75-e31a-4f68-b7e2-dd152c175e6f638537254744608289",
                "6473c012-92f5-427f-9753-e5f8c95d3fb1638537254744608289",
                "f5f5754e-a1b8-4f31-8ae6-6a198cd3a6bb638537254744608289"
            ]
        },
        {
            "id": "76da607f-d692-49ae-bde3-517b4b8abaec",
            "values": [
                {
                    "key": "text",
                    "value": ""
                },
                {
                    "key": "text2",
                    "value": ";;"
                }
            ],
            "posX": -44.332916259765628,
            "posY": -749.3324584960938,
            "path": "Nodes/TextConcatNode",
            "inputSocketIds": [],
            "outputSocketIds": [],
            "headerColor": 0,
            "inputValueSocketIds": [
                "63cf73d8-cf24-425c-9899-2fd6f51c9fbb638534770069442173",
                "bd03ace7-ae78-4d5f-a21a-28d1d6f66023638534770069442173"
            ],
            "outputValueSocketIds": [
                "11abdd28-f0e8-42c9-8787-26c1e85f90ef638534770069442173"
            ]
        },
        {
            "id": "d93cfb87-bd49-4c8d-981a-0b459e0f57ac",
            "values": [
                {
                    "key": "text",
                    "value": ""
                },
                {
                    "key": "text2",
                    "value": "500"
                }
            ],
            "posX": 86.33375549316406,
            "posY": -935.665771484375,
            "path": "Nodes/TextConcatNode",
            "inputSocketIds": [],
            "outputSocketIds": [],
            "headerColor": 6,
            "inputValueSocketIds": [
                "3e685b9d-854c-47a7-a161-59afc451780c638534770089999537",
                "4ba752ec-e2fb-4e99-a229-cafe0dd2795c638534770089999537"
            ],
            "outputValueSocketIds": [
                "0cb789ce-6443-433e-b9ec-56c41dbf9033638534770089999537"
            ]
        },
        {
            "id": "18c74257-b6a3-4067-971b-7c4893b63401",
            "values": [
                {
                    "key": "triggerName",
                    "value": ""
                }
            ],
            "posX": 1171.0008544921875,
            "posY": 139.66796875,
            "path": "Nodes/TriggerNode",
            "inputSocketIds": [],
            "outputSocketIds": [
                "4296912b-edaa-4871-a4d3-52397aef4e0c638539953554439102"
            ],
            "headerColor": 0,
            "inputValueSocketIds": [],
            "outputValueSocketIds": [
                "7a8b26e0-0a40-4b7b-87da-2df6625aae89638539953554439102",
                "863919fa-2c00-4372-8c2b-939299b3a248638539953554439102",
                "0b64e780-11a0-4310-834d-801c667bb8bb638539953554439102",
                "fb9124b8-9544-4048-9a62-01624c8a29b7638539953554439102",
                "a28502f4-011b-45a0-9917-410549598b20638539953554439102",
                "0518e7e9-c9ef-427e-b6c1-2607c1bb138e638539953554439102"
            ]
        },
        {
            "id": "ae516bcd-f018-4d3b-be5a-27661d25cf82",
            "values": [
                {
                    "key": "array",
                    "value": "dectohex"
                },
                {
                    "key": "key",
                    "value": "123"
                }
            ],
            "posX": 1173.66748046875,
            "posY": -95.66552734375,
            "path": "Nodes/DictionaryValueNode",
            "inputSocketIds": [],
            "outputSocketIds": [],
            "headerColor": 0,
            "inputValueSocketIds": [
                "5e2cead3-e00b-4593-9b83-9eedbdc58fe1638539953780935345",
                "5e2cead3-e00b-4593-9b83-9eedbdc58fe1638539953780935345",
                "8c237533-0593-4937-b24c-38eb9dd049ac638539953780935345"
            ],
            "outputValueSocketIds": [
                "8b4fa020-415d-4d90-b3e3-ae8e0338410a638539953780935345"
            ]
        },
        {
            "id": "83209a92-f04a-4673-a0a1-9a1219e48e9b",
            "values": [
                {
                    "key": "paramName",
                    "value": "_testdectohex"
                },
                {
                    "key": "value",
                    "value": ""
                }
            ],
            "posX": 1416.00048828125,
            "posY": 17.33489990234375,
            "path": "Nodes/SetTextParamNode",
            "inputSocketIds": [
                "17cd0309-db3a-443b-aebc-2a43116ab7f7638539954085719770"
            ],
            "outputSocketIds": [],
            "headerColor": 0,
            "inputValueSocketIds": [
                "887e022c-73a7-46c1-9de2-d55e68d0827b638539954085719770",
                "36c31973-0ebb-4d19-a163-16a9e5303102638539954085719770"
            ],
            "outputValueSocketIds": []
        },
        {
            "id": "726e8f10-18df-49e8-9d9f-ee7d6d98fdb4",
            "values": [
                {
                    "key": "message",
                    "value": "HEX <-> DECIMAL CONVERSION\n\nTo make it easier to work with color values, this plugin generates two dictionaries accessible from the node graph.\n\n<b>dectohex</b> is keyed with decimal numers from 0 - 255, the value of each is the corresponding hex representation of that value\n\n<b>hextodec</b> is keyed with hex numbers from 00 to FF, the value of each is the corresponding decimal representation of that value\n\nThe triggers below provide examples showing how to make use of these dictionaries"
                }
            ],
            "posX": 817.1683349609375,
            "posY": -26.82861328125,
            "path": "Nodes/MessageBoxNode",
            "inputSocketIds": [],
            "outputSocketIds": [],
            "headerColor": 0,
            "inputValueSocketIds": [],
            "outputValueSocketIds": []
        },
        {
            "id": "3cafe340-4ff0-43fc-b70b-46403bf6d730",
            "values": [
                {
                    "key": "triggerName",
                    "value": ""
                }
            ],
            "posX": 1662.66748046875,
            "posY": 165.6678466796875,
            "path": "Nodes/TriggerNode",
            "inputSocketIds": [],
            "outputSocketIds": [
                "b952c7fb-42f9-4b44-b5a8-508c528e1757638539957434252961"
            ],
            "headerColor": 0,
            "inputValueSocketIds": [],
            "outputValueSocketIds": [
                "5f0794d8-5521-47b0-983d-bc136e04a9c8638539957434252961",
                "3481669f-e921-452c-bfd6-9963fe1893cd638539957434252961",
                "6656126b-b8ce-4663-818c-8448614003e0638539957434252961",
                "720907cf-8b9b-45bb-b5e8-b214aa656661638539957434252961",
                "41ea685c-8d7f-481b-b61a-6da19025250d638539957434252961",
                "e4f4ad6b-b22c-4d33-8ce6-9407e0d83bc5638539957434252961"
            ]
        },
        {
            "id": "c9df6625-0f1a-4598-be5b-341fff2a9e41",
            "values": [
                {
                    "key": "array",
                    "value": "hextodec"
                },
                {
                    "key": "key",
                    "value": "7B"
                }
            ],
            "posX": 1672.333984375,
            "posY": -74.66552734375,
            "path": "Nodes/DictionaryValueNode",
            "inputSocketIds": [],
            "outputSocketIds": [],
            "headerColor": 0,
            "inputValueSocketIds": [
                "d97f7b85-7af6-4e9d-ad91-914a92868079638539957450160402",
                "d97f7b85-7af6-4e9d-ad91-914a92868079638539957450160402",
                "4ceb5609-0566-448d-8cf8-807bdc69a45d638539957450160402"
            ],
            "outputValueSocketIds": [
                "86bba4e6-c5d3-42ef-9f21-c9e704995aeb638539957450160402"
            ]
        },
        {
            "id": "1daa33de-0c85-4e3f-8813-d5eb374164e4",
            "values": [
                {
                    "key": "paramName",
                    "value": "_testhextodec"
                },
                {
                    "key": "value",
                    "value": ""
                }
            ],
            "posX": 1902.3338623046875,
            "posY": 22.33489990234375,
            "path": "Nodes/SetTextParamNode",
            "inputSocketIds": [
                "6ba9901a-33b0-4ad0-b9a1-9e911a071888638539957470789561"
            ],
            "outputSocketIds": [],
            "headerColor": 0,
            "inputValueSocketIds": [
                "aa3f116e-fe95-4455-943e-161ab7dcbbcb638539957470789561",
                "caf197e9-8c8c-4edd-a440-3f4a8a969f78638539957470789561"
            ],
            "outputValueSocketIds": []
        }
    ],
    "connections": [
        {
            "id": "85a334c7-d4a7-4e9d-a031-b0e1bd4bf851",
            "outputSocketId": "57894d46-14e8-4ec7-9b30-21fa06372f67638523343945302947",
            "inputSocketId": "949da225-83d9-4a4b-9efc-687a7bfb24a7638523343656799956"
        },
        {
            "id": "899e2bd5-70d2-4347-b77f-c5dcc80ade96",
            "outputSocketId": "0906105e-c14b-4f63-af4b-19a12fc1404d638523344695086009",
            "inputSocketId": "f4d52f7c-6532-4a96-849f-fb1df6e925f5638523343945302947"
        },
        {
            "id": "48fd8220-bc7b-4cbe-b1dc-eb4a13a68c81",
            "outputSocketId": "111eb704-78e3-481b-800d-9f1faeefdff8638523344945459434",
            "inputSocketId": "a509feaa-d9f2-4489-ba8c-e8750e3029fe638523344988691748"
        },
        {
            "id": "e14a157f-fcb3-4099-a98d-b0e4a4c31e8b",
            "outputSocketId": "af2fff1f-8db9-48ac-a132-620b07b75016638523343945302947",
            "inputSocketId": "45d46a39-f931-47da-8357-c189d3a54b1c638523344381705986"
        },
        {
            "id": "9bfbab1b-89ad-4acc-8a88-d574ce5d49c9",
            "outputSocketId": "e8bc8808-53b7-4f5e-8e80-c6caa7521d64638523343945302947",
            "inputSocketId": "0d190cb4-3741-487f-b25d-ef44c1f55bf6638523344157115505"
        },
        {
            "id": "b6cfaa53-d1d6-4ffd-a642-d862aa256645",
            "outputSocketId": "0d3ced6d-056f-489c-a0aa-8f3ac7a971ce638523344988691748",
            "inputSocketId": "38f5fa3f-32f8-45ee-bc54-30d353cb3108638523347251533497"
        },
        {
            "id": "21fd00fe-8ff2-4e9c-a09f-36a262714524",
            "outputSocketId": "29759881-bcd2-4509-95c8-b122e59a8baa638523344988691748",
            "inputSocketId": "195a94ef-0a24-415d-9dc2-5b242ca64c25638523347642269002"
        },
        {
            "id": "390bd660-bac0-47b7-8d74-5eb3bbb29085",
            "outputSocketId": "89a57bc6-8294-474d-8940-ce2070633089638523344988691748",
            "inputSocketId": "0c213a42-a274-494b-8812-c5986d948c8f638523349841368766"
        },
        {
            "id": "eee2bee9-2c0c-4073-8773-a23572e8586d",
            "outputSocketId": "0f935f42-0271-461c-9828-cb74a56906bb638526894344843276",
            "inputSocketId": "1fe712d5-fcfa-4ca2-986f-bed7c08ada6f638526893233683084"
        },
        {
            "id": "d145acdc-a0c0-438b-a1a1-e3102b3c7718",
            "outputSocketId": "b7617d53-b0a4-4671-9de2-b5ca178995c6638526925295211441",
            "inputSocketId": "c906f3e9-ce36-42af-864b-add3a901adae638526925240639872"
        },
        {
            "id": "e0b28e51-f89d-467f-a901-3d76cc1bff36",
            "outputSocketId": "b32414b9-f910-4b61-bd1b-79fcce46b436638531891582115817",
            "inputSocketId": "3e2f01d1-8e61-448f-9c50-0b4cf3c07c05638531891490846808"
        },
        {
            "id": "bbde33b1-8122-48fc-ad58-e1ce21123dd8",
            "outputSocketId": "4296912b-edaa-4871-a4d3-52397aef4e0c638539953554439102",
            "inputSocketId": "17cd0309-db3a-443b-aebc-2a43116ab7f7638539954085719770"
        },
        {
            "id": "05ede939-bbb8-474d-8675-5706e541bcf7",
            "outputSocketId": "b952c7fb-42f9-4b44-b5a8-508c528e1757638539957434252961",
            "inputSocketId": "6ba9901a-33b0-4ad0-b9a1-9e911a071888638539957470789561"
        }
    ],
    "valueConnections": [
        {
            "id": "a9d4d7a6-7b5d-4014-b250-11424a8f5211",
            "outputSocketId": "b1409a19-8e8f-46e5-9dbc-eee7a76850a2638523346339814706",
            "inputSocketId": "2e46ce4b-4e56-4e78-9862-c81e8c397db3638523344157115505"
        },
        {
            "id": "7cb7ae50-303d-451b-8d57-0e5623f50e0a",
            "outputSocketId": "1cad32fb-51ff-458b-830c-f8a12c0218b5638526889954412611",
            "inputSocketId": "dbe63948-6a77-40ba-96d4-decd9c14887a638526890806841917"
        },
        {
            "id": "b0bc7b8e-48f6-42a3-9a84-90d4767a588c",
            "outputSocketId": "a992b5ea-5309-4b40-af2b-fb537162fe05638526890806841917",
            "inputSocketId": "fdb38e4c-22b6-41ac-96cd-22ef5f05ed9e638526892043622545"
        },
        {
            "id": "56d63386-c1ca-42ef-a607-9ff86e80bd34",
            "outputSocketId": "8619e78f-0b3d-4c25-870a-40e4b514ef4e638526892043622545",
            "inputSocketId": "e84d7821-8a6c-442b-a8cb-7ab926710963638526892446907410"
        },
        {
            "id": "bb775d78-52dc-4948-ad60-b5b3e177f780",
            "outputSocketId": "347a032c-fd7d-4edf-b70c-2f3ec3e21482638526892446907410",
            "inputSocketId": "a342419d-0933-4266-abfd-d3d22b23dd04638526892828250654"
        },
        {
            "id": "caba49e6-b317-4f78-b6b5-d2a8858c2a0d",
            "outputSocketId": "98d28e59-b829-4ad7-8327-1686d6035663638526892828250654",
            "inputSocketId": "5c34937c-2716-4ac9-8c83-4c73dcab1d58638526892460208495"
        },
        {
            "id": "fb1506e1-a842-4bdf-8c70-825a4598dc25",
            "outputSocketId": "48ac19fe-51b5-46cc-9830-6a7885b0dcea638526892460208495",
            "inputSocketId": "1252c052-1913-4f74-bce1-ca3d1c0334db638526893233683084"
        },
        {
            "id": "47f746c5-14ad-489d-b3a7-0733beefc418",
            "outputSocketId": "42cc3e0b-7f2a-4b3f-9d8f-0170171184b5638526924930483310",
            "inputSocketId": "db28bf01-1034-4ea2-90a4-379d41db4a6f638526924966801286"
        },
        {
            "id": "58a356e1-f6b2-4f6d-bd82-0acc5deb88eb",
            "outputSocketId": "ba7f5524-e7de-4827-9395-bb6d1fff62e5638526924966801286",
            "inputSocketId": "a44c5250-b6a0-4519-8d8d-b9bb60672fca638526924942544399"
        },
        {
            "id": "a7bf9721-48e4-4a01-9532-20f3f29fddc3",
            "outputSocketId": "d36ba06c-c190-451d-8474-ea3c035910be638526924942544399",
            "inputSocketId": "324f4dd2-b564-4b25-a746-50fa2ab7f084638526924977984460"
        },
        {
            "id": "028d1a6f-97af-4eb8-85cb-c03a93669011",
            "outputSocketId": "082e7e76-77e2-4797-95c2-811edd6f93aa638526924977984460",
            "inputSocketId": "14857db0-c173-44c8-87bf-9146ae10d590638526924953703069"
        },
        {
            "id": "5261513a-9968-4e3e-841d-2fb3498eb024",
            "outputSocketId": "8de6c5f6-9389-4d75-a9d0-e481f6eb117c638526924953703069",
            "inputSocketId": "96372edc-42ce-42ee-890e-40fd0c6057b0638526924988811847"
        },
        {
            "id": "a0d8cb9a-67ff-4606-a208-ba5790ccdd8e",
            "outputSocketId": "0495ff0c-a860-4e44-8b29-2a18ed4b0efb638531890826601913",
            "inputSocketId": "94c5b97f-c970-4ae1-aaa3-7b7b71b43489638531890870859752"
        },
        {
            "id": "aacbb8da-3e80-4748-bf40-5ad3032a9689",
            "outputSocketId": "1e8ce833-b7e3-4e0c-a248-5a76b491a731638531890870859752",
            "inputSocketId": "335972b7-52e4-4d4c-ab07-94794ad8e4ae638531891036557587"
        },
        {
            "id": "dbf86530-ed4a-4783-afda-40b6047ee165",
            "outputSocketId": "e4eb506b-bfdd-4a69-ab96-6460a5f494d5638531891036557587",
            "inputSocketId": "25cb92ca-30df-4aeb-9d63-2b651e10d698638531891087588802"
        },
        {
            "id": "80f8ad76-eeab-4f53-a944-f7c9ad5e4da7",
            "outputSocketId": "87fc3ee9-d066-4e6f-9078-131d106d7523638531891087588802",
            "inputSocketId": "b4d24c98-2f18-4e61-9a3f-43a59f4ca368638531891129565501"
        },
        {
            "id": "43d39d80-5ff5-4749-9bcd-1d2939b42fce",
            "outputSocketId": "45718503-05ad-4463-8359-041c06f16b75638531891129565501",
            "inputSocketId": "f80d1da0-0523-4abd-a322-4abba96732f3638531891222532678"
        },
        {
            "id": "219539cd-c6d7-43f5-a5a1-5eebe2dc0774",
            "outputSocketId": "9354ce75-50f1-4ed4-a34b-97a06b0eae3e638531891222532678",
            "inputSocketId": "dad957ec-7baa-4f09-af0e-c0b440f69e48638531891490846808"
        },
        {
            "id": "15fe9df0-2a1c-40e8-bd3c-9ee6b26da2bd",
            "outputSocketId": "9b018489-524c-4d13-93c3-0e591dd56ce9638526924988811847",
            "inputSocketId": "63cf73d8-cf24-425c-9899-2fd6f51c9fbb638534770069442173"
        },
        {
            "id": "1ef0d7eb-db7e-4517-aa02-a363667b4b44",
            "outputSocketId": "11abdd28-f0e8-42c9-8787-26c1e85f90ef638534770069442173",
            "inputSocketId": "3e685b9d-854c-47a7-a161-59afc451780c638534770089999537"
        },
        {
            "id": "a198d37c-3a63-482b-a541-3b2cfc4299d0",
            "outputSocketId": "0cb789ce-6443-433e-b9ec-56c41dbf9033638534770089999537",
            "inputSocketId": "0bac8933-61cc-436d-9aa1-b917dc96cf6b638526925240639872"
        },
        {
            "id": "09cf9ff4-c217-4fe9-90b7-38dba2250571",
            "outputSocketId": "8b4fa020-415d-4d90-b3e3-ae8e0338410a638539953780935345",
            "inputSocketId": "36c31973-0ebb-4d19-a163-16a9e5303102638539954085719770"
        },
        {
            "id": "a8a98d53-525e-48f5-8dfd-b141b9474307",
            "outputSocketId": "86bba4e6-c5d3-42ef-9f21-c9e704995aeb638539957450160402",
            "inputSocketId": "caf197e9-8c8c-4edd-a440-3f4a8a969f78638539957470789561"
        }
    ]
}